{
  "credit": "Made with Blockbench",
  "parent": "builtin/entity",
  "texture_size": [
    128,
    128
  ],
  "display": {
    "thirdperson_righthand": {
      "rotation": [
        90.69000000000005,
        -89.76999999999998,
        90.76999999999998
      ],
      "translation": [
        0,
        0,
        2
      ],
      "scale": [
        0.25,
        0.25,
        0.25
      ]
    },
    "thirdperson_lefthand": {
      "rotation": [
        90.69000000000005,
        -89.76999999999998,
        90.76999999999998
      ],
      "translation": [
        0,
        0,
        2
      ],
      "scale": [
        0.25,
        0.25,
        0.25
      ]
    },
    "firstperson_righthand": {
      "rotation": [
        146.75,
        -22,
        -180
      ],
      "translation": [
        0,
        -0.5,
        0
      ],
      "scale": [
        0.25,
        0.25,
        0.25
      ]
    },
    "firstperson_lefthand": {
      "rotation": [
        146.75,
        -22,
        -180
      ],
      "translation": [
        0,
        -0.5,
        0
      ],
      "scale": [
        0.25,
        0.25,
        0.25
      ]
    },
    "ground": {
      "scale": [
        0.25,
        0.25,
        0.25
      ]
    },
    "gui": {
      "rotation": [
        0,
        -90,
        0
      ],
      "translation": [
        0,
        -8.25,
        0
      ],
      "scale": [
        0.5,
        0.5,
        0.5
      ]
    },
    "fixed": {
      "rotation": [
        0,
        90,
        0
      ],
      "translation": [
        0,
        -8,
        0
      ],
      "scale": [
        0.51,
        0.51,
        0.51
      ]
    }
  },
  "textures": {
    "particle": "item/void_crafter_highres"
  }
}